 SNR, Ber, Bler
3.000000,0.000000,0.000000
